Company,Average Salary,Median Salary,Count
ampere computing,172022.7,171629.0,10
lookout,170054.54545454544,175085.0,11
coupang,162782.81818181818,158235.0,33
reddit,161469.45569620252,161732.0,79
linkedin,161420.19753086418,159647.0,81
meta,161144.94306930693,156379.5,404
elastic,160883.4,160981.0,15
samsung research america,160793.68421052632,156548.5,38
databricks,160647.58823529413,158869.0,17
slack,159942.9090909091,159235.5,22
nvidia,158595.11046511628,153598.5,172
sprout social,158536.54545454544,154470.0,11
actian,158511.2,151422.0,10
appdynamics,158433.2894736842,158739.5,38
box,156890.5,151554.0,14
mozilla,156722.875,155699.0,72
ge digital,156518.53333333333,172571.0,15
splunk,156330.859375,154030.5,64
carta,156172.8125,157969.0,16
google,155799.58144329896,151985.0,485
confluent,155657.45833333334,151548.0,24
hbo,155321.15384615384,161997.0,13
xilinx,155212.8,147235.0,25
dropbox,155022.52272727274,155974.5,44
glassdoor,154958.81818181818,152325.0,11
zulily,154911.5,141801.5,22
roblox,154881.59420289856,145782.0,69
tanium,154867.15789473685,155332.0,19
logitech,154598.0,151164.0,26
zynga,154521.3,146160.5,10
arm,154472.0,152061.5,26
vmware,154347.45679012345,151309.0,81
amazon lab126,154252.08163265305,150582.0,49
salesforce,154059.00662251655,152106.0,151
akamai,153790.70707070708,150382.0,99
cruise,153760.59420289856,147137.0,69
sumo logic,153496.25,141327.0,12
a10 networks,153488.0,147828.0,23
synaptics,153403.2162162162,148735.0,37
cadence design systems,153281.95505617978,152595.0,89
athenahealth,153225.4090909091,153222.5,22
stealth startup,153181.25925925927,147792.0,27
redfin,153141.47368421053,141866.0,19
microsoft,153088.9908883827,147954.0,439
liveramp,153082.80952380953,150449.0,21
yahoo,152937.5254237288,146987.0,59
magic leap,152738.15384615384,144269.0,13
fastly,152594.55555555556,154582.0,27
twitch,152416.80357142858,149425.0,56
roku,152392.56451612903,156252.5,62
udemy,152280.0625,151342.5,16
etsy,152152.95833333334,151145.5,24
docusign,151867.64516129033,149063.0,31
walt,151667.7,153271.0,10
tripadvisor,151650.0,154197.0,21
adobe,151643.21153846153,148759.5,104
draper,151513.44827586206,146798.0,29
twitter,151343.43636363637,149308.0,55
mulesoft,151215.63636363635,152935.0,11
ebay,151091.6987951807,147024.0,83
indeed,150773.70909090908,143854.0,55
squarespace,150522.5,148567.5,12
zillow,150470.9,148829.0,110
drw,150307.42857142858,152010.5,28
highspot,150145.52,155593.0,25
brex,150136.58333333334,152201.5,24
samsung semiconductor inc (us),149809.27272727274,148617.0,22
sephora,149621.85,140719.0,20
amd,149585.46511627908,146537.0,43
informatica,149527.81395348837,148161.0,43
red hat,149524.3,147354.5,50
kayak,149375.45454545456,143514.0,11
c3 ai,149370.64705882352,145560.0,17
cohesity,149321.64,150350.0,25
snowflake,149074.73684210525,149906.5,38
cloudera,149063.3947368421,146967.5,38
tableau software,149053.80392156861,147735.0,51
oracle,148904.58974358975,148679.0,429
expedia group,148872.79562043794,145710.0,137
netflix,148392.32394366196,146875.0,71
new relic,148316.69047619047,150667.0,42
pure storage,148276.57142857142,151362.0,21
pinterest,148255.4347826087,144073.5,46
tower research capital,148002.5,146508.5,12
discord,147709.8,142433.5,10
atlassian,147685.75,147784.0,36
rippling,147685.63636363635,137967.0,11
cisco systems,147558.9797979798,143859.5,396
workday,147485.3253012048,147365.0,83
ebsco,147343.2,145792.5,10
stripe,147192.97959183675,146357.0,49
twilio,147099.21,144401.5,100
airbnb,146869.44,146172.0,25
cypress semiconductor,146767.7,147924.5,10
"isilon, a division of emc",146695.13333333333,146545.0,15
kyndryl,146656.84210526315,142193.0,19
synopsys,146633.98611111112,148759.5,72
walmart global tech,146602.11538461538,141126.5,52
autodesk,146563.83950617284,142626.0,81
tinder,146504.48780487804,145310.0,41
smartthings,146223.33333333334,144222.0,21
rambus,146121.36842105264,141698.0,19
motional,146072.1875,148606.0,16
divvy,146071.5,138703.0,12
f5,146030.7619047619,143773.0,105
fireeye,145913.29411764705,148786.0,34
amazon,145876.01967799643,141978.0,559
hulu,145756.13043478262,148553.0,23
nortonlifelock,145664.075,140016.5,40
lyft,145608.89361702127,142818.0,47
sandisk,145584.11764705883,141354.0,17
amazon robotics,145562.5625,141099.5,16
verisign,145513.42857142858,144125.0,35
blackhawk network,145432.8,143510.5,10
gap inc,145416.5294117647,145805.0,17
edelman financial engines,145328.08333333334,139920.5,12
github,145231.29411764705,134410.0,17
hotwire,144998.15384615384,154708.0,13
credit karma,144691.7258064516,142924.0,62
impinj,144690.66666666666,143563.0,15
nextdoor,144261.0,140374.0,21
palo alto networks,144213.84210526315,141537.0,57
wework,144141.0487804878,144618.0,41
zoominfo,144139.84210526315,136419.0,19
pandora,143857.94444444444,138185.0,18
grubhub,143663.63333333333,143722.5,30
mongodb,143661.47222222222,145699.0,36
shopify,143597.95652173914,145108.0,23
maxim integrated,143482.54545454544,148349.0,11
youtube,143435.77777777778,145100.5,18
criteo,143331.3,140214.0,10
netapp,143297.7027027027,136486.0,37
cloudflare,143293.63157894736,144100.0,19
opendoor,143209.2857142857,142408.5,28
visa inc,143178.25531914894,141233.0,94
apple,143080.79268292684,142386.5,492
paypal,143076.23170731709,142494.0,164
marvell technology,143064.55128205128,140667.0,78
uber,142835.9552238806,138946.0,67
draftkings,142772.86956521738,144624.0,46
huawei technologies,142714.76923076922,142154.5,26
doordash,142506.26086956522,143657.5,46
nutanix,142484.55319148937,143245.0,47
hashicorp,142446.15384615384,141115.5,26
two sigma,142444.09523809524,137277.0,21
intuit,142360.46153846153,137033.0,78
stubhub,142246.88235294117,135302.0,17
clover,142184.63636363635,141135.0,11
slalom build,142145.55555555556,136822.0,27
upstart,142034.34782608695,144059.0,23
renesas,141893.375,136771.0,16
godaddy,141872.0625,138737.5,32
nuance,141699.15151515152,142779.0,33
meraki,141693.87878787878,144266.0,33
plaid,141619.4814814815,142825.0,27
audible,141470.6,142730.0,45
coinbase,141417.98,142153.0,50
silicon labs,141402.25,135802.0,24
western digital,141400.79545454544,141330.5,88
pagerduty,141394.65,140679.5,20
applovin,141255.17647058822,146173.0,17
gusto,141245.46666666667,144187.0,15
ca technologies,141162.26666666666,149519.0,15
broadcom,140963.05681818182,138560.0,176
netscout,140868.5294117647,144082.0,17
block,140849.79746835443,142826.0,79
willowtree,140815.14814814815,134620.0,27
ringcentral,140793.23529411765,133250.0,17
juniper networks,140768.07692307694,142745.0,52
mathworks,140753.099009901,134551.0,101
boston consulting group,140585.58333333334,138095.0,24
nerdwallet,140477.1052631579,136811.0,38
viacomcbs streaming,140366.2,133873.0,20
dreamworks animation,140362.93333333332,135382.0,15
palantir technologies,140190.25806451612,139978.0,31
guidewire,140169.08955223882,141441.0,67
harmonic,140145.26315789475,137804.0,19
jumpcloud,140069.46666666667,143175.0,15
datadog,139972.54545454544,143241.5,22
sap,139960.51111111112,140108.0,45
yelp,139915.76470588235,137048.0,17
arista networks,139873.0,140903.0,21
lenovo,139833.73913043478,135103.0,23
mckinsey & company,139769.18421052632,139781.5,38
hubspot,139759.52173913043,143188.0,23
flexport,139701.42857142858,138613.0,21
nuro,139638.92307692306,142484.0,26
jump trading,139488.18181818182,146909.0,11
ansys,139442.4423076923,136314.0,52
liveperson,139338.1875,144626.5,32
spotify,139137.9295774648,142213.0,71
vimeo,138974.51428571428,139805.0,35
extreme networks,138962.875,137881.5,16
mediatek,138956.13636363635,135896.0,22
the options clearing corporation,138772.7857142857,132246.0,14
rally health,138655.2857142857,132122.0,21
infineon technologies,138545.4705882353,141948.0,17
intel corporation,138519.65189873418,136828.0,316
komodo health,138492.73684210525,140433.0,19
avaya,138426.22222222222,137513.0,18
toshiba,138394.3125,133076.0,16
zscaler,138391.40740740742,140371.0,27
sage,138363.53846153847,134716.0,13
coupa,138353.0,147309.0,10
qualcomm,138297.24630541872,135555.0,203
one medical,138296.09523809524,136199.0,21
climate,138236.0,140678.0,11
chegg,138099.0,135044.0,15
axon,138035.09523809524,132483.5,42
anaplan,137960.7,138977.5,20
coursera,137846.4642857143,137182.5,28
activision,137778.0,136227.0,17
dolby,137637.3,137593.5,20
eventbrite,137611.38095238095,136803.0,21
asana,137581.36363636365,135837.0,22
equinix,137380.24137931035,143120.0,58
netskope,137309.73076923078,137236.5,26
instacart,137295.28,144309.0,25
smartsheet,137281.6,135348.5,20
waymo,137264.40740740742,141606.0,27
realtor,137233.58333333334,136212.5,12
shipt,137143.72727272726,144691.0,11
proofpoint,137095.65384615384,133528.0,26
travelport,136971.625,135332.5,16
unity,136875.55696202532,137021.0,79
dish network technologies,136684.125,140375.0,16
iron mountain,136659.92857142858,139175.0,14
aspentech,136483.91666666666,134672.0,12
samsung electronics america,136438.54545454544,140388.0,22
hitachi vantara,136356.05555555556,134752.0,18
wepay,136212.94444444444,141027.0,18
ebsco information services,136085.36666666667,135747.5,30
argo ai,136078.8620689655,138632.0,29
lendingclub,136055.58333333334,133265.0,12
risk management solutions,136043.1,136172.5,10
albertsons companies,135994.88888888888,136326.5,18
here technologies,135994.25,135589.0,24
samsung austin semiconductor,135991.28,133752.0,25
bigcommerce,135986.52631578947,138929.0,19
hewlett,135968.7741935484,136729.0,31
tiktok,135944.89583333334,141258.0,48
deutsche bank,135908.77777777778,133336.0,18
veritas technologies,135817.27272727274,133949.5,88
procore technologies,135816.0,137239.0,32
olive,135813.15384615384,137010.0,26
okta,135796.3768115942,134591.0,69
aruba networks,135736.40476190476,130316.0,42
bytedance,135714.25,141026.0,36
seagate technology,135698.2380952381,132644.0,42
nxp semiconductors,135661.72222222222,134846.0,36
shutterfly,135642.44444444444,137627.0,18
rubrik,135638.7,137535.0,30
spirent communications,135613.43333333332,133788.5,30
uipath,135610.11764705883,130947.0,17
mailchimp,135589.5,140857.5,14
merrill lynch,135552.4,132310.5,10
realtor.com,135414.66666666666,136036.0,33
edwards lifesciences,135401.11111111112,140026.0,27
blue yonder,135378.41176470587,131185.0,17
spacex,135356.7,131231.5,30
affirm,135326.83870967742,121326.0,31
green dot,135264.7857142857,138129.5,14
toast inc,135222.26470588235,132558.5,34
dick's sporting goods,135206.26666666666,128579.0,15
nordstrom,135131.49206349207,140032.0,63
ripple,135121.4,138868.0,15
grindr,135094.2,137396.0,15
ancestry,135038.91304347827,137542.0,69
zuora,135026.55,135759.0,20
formfactor,135005.24,135427.0,25
genesys,134971.51515151514,134878.0,33
snap,134939.14,136085.5,50
playstation,134850.91836734695,137136.0,49
canonical,134795.26666666666,133440.0,15
cubic,134625.35714285713,132376.5,14
multiplan,134621.6923076923,138946.0,13
medallia,134439.6,144298.0,20
mastercard,134350.09302325582,131674.0,86
life360,134245.41666666666,137333.0,12
wayfair,134219.5625,131029.5,48
vertex pharmaceuticals,134016.3,135663.5,10
compass,134002.86666666667,145568.0,15
silicon valley bank,134002.07407407407,135373.0,27
groupon,133989.27272727274,137516.0,11
dow jones,133982.9375,137311.5,16
pegasystems,133974.6,139371.0,25
remitly,133969.0,134114.0,21
sas,133844.22535211267,135139.0,71
workiva,133781.42307692306,142131.5,26
crowdstrike,133711.53125,127695.0,32
walmart,133602.25991189427,133773.0,227
zendesk,133490.63636363635,130901.0,22
sap concur,133480.85,133927.0,40
coupa software inc,133469.21875,138009.0,32
t-mobile,133420.78260869565,127339.0,69
riot games,133406.85416666666,133379.0,48
boehringer ingelheim,133405.07142857142,133066.5,14
peloton interactive,133369.2105263158,134661.5,38
blackberry,133327.31578947368,126736.0,19
optum,133259.09836065574,133044.5,122
pimco,133196.5,135001.0,14
tenable,133152.73333333334,137187.0,15
medidata solutions,133119.32653061225,139399.0,49
rakuten,132939.44444444444,127069.0,18
ricoh,132921.5,128334.5,16
charles schwab,132898.1343283582,133234.0,67
doubleverify,132728.6923076923,135384.0,13
motorola mobility,132610.1343283582,132291.0,67
grid dynamics,132581.7857142857,133418.0,14
the zappos family,132579.7,132969.0,10
premera blue cross,132571.92857142858,122541.5,14
sony pictures entertainment,132544.0,134733.0,13
inphi,132540.0909090909,127528.0,11
electronic arts,132520.8795180723,131262.0,83
moody's analytics,132499.33333333334,131782.0,15
symantec,132493.26666666666,128181.0,15
citrix,132481.82978723405,138067.0,47
sony,132350.14285714287,132090.0,28
nba,132262.3,133474.0,10
cvent,132167.24,136061.0,25
ibotta,132162.62068965516,132800.0,29
gopro,132125.95,133933.0,20
tesla,132083.2064516129,130233.0,155
becu,132075.27272727274,128970.0,11
acorns,132055.125,133896.0,24
kla,132034.0,128716.0,63
hewlett packard enterprise | hpe,131957.17142857143,130623.0,175
genentech,131914.7558139535,126062.5,86
ccc intelligent solutions,131870.5483870968,130157.0,31
toyota connected north america,131785.48,134162.0,25
7-eleven,131713.83333333334,128919.0,18
tibco software,131705.0,130685.0,21
ericsson-worldwide,131661.875,130514.0,88
ellucian,131643.41176470587,128191.0,17
servicenow,131518.86821705426,131551.0,129
ambarella,131428.13333333333,128415.0,15
dell technologies,131389.56626506025,129821.0,332
flatiron health,131346.0,135398.0,31
rackspace technology,131327.13461538462,131436.5,52
momentive.ai,131286.5,130561.5,14
niantic,131243.18181818182,134135.5,22
ticketmaster,131164.74074074073,131538.5,54
linquest,131157.73333333334,134267.0,15
digitalocean,131104.0588235294,131871.0,17
verily life sciences,131101.57142857142,139481.0,21
walt disney company,131088.26573426573,132800.0,143
oportun,131081.36363636365,133402.0,11
ptc,131005.12121212122,127895.0,33
sailpoint technologies,130992.64444444445,133087.0,45
intersystems,130893.63636363637,128962.0,11
e2open,130874.26666666666,135400.0,15
citadel,130765.38888888889,134325.0,72
fluke corporation,130708.8,132599.5,10
samsung electronics,130654.12,131961.0,100
activision blizzard,130630.17142857143,132500.0,35
sanofi,130569.38888888889,125455.5,18
infinera,130562.23255813954,134001.0,43
sonos,130554.77215189874,126755.0,79
alaska airlines,130442.30769230769,134352.0,13
hp inc,130408.53703703704,128494.0,54
23andme,130406.0,126103.0,10
western union,130333.8125,127602.0,16
eplus,130315.29411764706,132126.0,17
flir,130260.0,125976.0,11
illumina,130245.56,125990.0,25
bandwidth,130211.03846153847,131439.0,26
roche,130163.67307692308,135000.5,52
blackline,130141.2,130402.5,20
intermountain health,130116.78571428571,128646.0,14
nokia,130063.28571428571,119840.5,56
nissan north america,129984.15384615384,126620.0,13
ntt data business solutions,129890.54545454546,121866.0,11
first republic,129791.17910447762,127867.0,67
naughty dog,129783.6,130449.0,10
mutual of omaha,129775.57142857143,132424.5,14
calix,129761.14285714286,131498.5,14
ping identity,129623.78571428571,139819.5,14
qualtrics,129566.28571428571,130226.5,28
olo,129499.94444444444,128135.0,18
raytheon intelligence & space,129496.0,126474.0,12
thumbtack,129425.85714285714,128938.5,14
bp,129417.25,125440.5,24
walgreens,129417.03846153847,130240.0,26
thoughtworks,129404.86363636363,134463.5,22
five9,129396.76470588235,129896.0,17
espn,129290.41666666667,134062.5,12
southern company,129261.8,127283.5,10
kaseya,129224.5,120219.0,10
intuitive (intuitive surgical),129223.34666666666,124812.0,75
td ameritrade,129063.27272727272,123185.0,11
"blue cross blue shield of illinois, montana, new mexico, oklahoma & texas | hcsc",129026.0,134949.0,17
dtcc,128951.25925925926,121325.0,27
epam systems,128908.578313253,125823.0,83
built technologies,128826.4,127395.5,10
lucid motors,128791.625,130476.0,16
chewy,128776.54545454546,127869.0,22
mitre,128746.46153846153,125657.5,52
mcafee,128733.69230769231,133680.0,26
fidelity investments,128723.48344370861,128195.0,151
rockwell collins,128718.30434782608,133782.0,23
persistent systems,128697.76923076923,128114.0,13
siriusxm,128642.23333333334,123871.0,60
sap ariba,128629.36363636363,126416.0,22
hewlett packard,128606.93548387097,127919.0,31
goto,128524.64285714286,126758.5,14
"csaa insurance group, a aaa insurer",128519.53846153847,130521.0,13
oscar health,128516.57894736843,133034.0,19
blizzard entertainment,128495.1,128902.5,60
appian,128456.60869565218,126602.0,69
aurora innovation,128445.26315789473,125388.0,19
powerschool group,128442.18181818182,129142.0,11
lam research,128413.21621621621,122755.0,37
comscore,128319.92857142857,125980.0,14
bullhorn,128252.38461538461,130081.0,13
mindbody,128236.66666666667,120950.0,15
barclays,128228.6875,122507.0,48
logrhythm,128087.75,128668.5,12
micro focus,128033.0625,130147.5,32
fortinet,128028.35483870968,129004.0,31
ge,127966.66393442624,121620.5,122
mcgraw hill,127942.78571428571,134641.0,14
everbridge,127915.66666666667,131593.0,27
novartis,127792.69230769231,117146.0,13
robert bosch,127777.75,128727.5,12
collins aerospace,127673.94444444444,129708.5,18
dynatrace,127658.57142857143,128054.5,14
vista,127646.88888888889,132757.5,18
boston scientific,127551.3829787234,127710.0,47
elevance health,127500.69784172662,127352.0,139
goldman sachs,127446.16129032258,121442.5,62
zoox,127419.91803278688,127529.0,61
lululemon,127392.45454545454,133741.0,11
world wide technology,127360.2972972973,129713.0,37
siemens digital industries software,127320.18,127741.5,50
estèe lauder companies,127319.94117647059,117101.0,17
nielsen,127291.96,128708.0,25
resmed,127291.15384615384,126665.0,13
cme group,127288.31034482758,129787.5,58
zebra technologies,127121.58064516129,121296.0,31
carmax,127117.54545454546,130795.5,44
cox automotive,127112.30107526881,124510.0,93
beckman coulter diagnostics,127060.86956521739,126484.0,23
altria,127059.94444444444,130374.5,18
nestlè,127012.125,135187.0,16
inovalon,126921.51612903226,116114.0,31
takeda pharmaceuticals,126882.21739130435,130157.0,23
bloomberg l.p,126841.28409090909,123430.0,88
slb,126828.89864864865,125898.0,148
elsevier,126826.66666666667,133140.5,30
disney parks,126814.94444444444,131947.5,36
luxoft,126773.88235294117,128697.0,17
point72,126771.1,131410.5,10
pacific gas and electric,126749.16666666667,135655.0,24
gemini,126747.66666666667,120778.5,18
sabre,126741.20370370371,125187.0,54
chevron,126643.0162601626,125823.0,123
vonage,126640.04761904762,130991.0,21
bloom energy,126572.45454545454,118249.0,11
bose,126539.7,123250.0,70
invesco,126531.1,123714.5,10
sam's club,126487.76190476191,136037.0,21
trinet,126422.35714285714,118125.0,14
bill,126362.71428571429,129577.0,49
intercontinental exchange,126328.25925925926,120477.0,27
"discovery, inc",126321.95652173914,129527.0,23
bae systems,126285.89655172414,123525.0,29
akuna capital,126282.21739130435,122746.0,23
kaiser permanente,126127.85714285714,121859.0,35
macy's,126107.775,131008.5,40
procter & gamble,126087.63492063493,126501.0,63
veeva systems,126072.84210526316,119010.0,38
factset,126041.55555555556,125735.5,18
alteryx,126031.70588235294,140561.0,17
the aerospace corporation,125970.6875,123903.0,16
u-haul,125961.45454545454,122707.0,11
kohl's,125916.875,128378.5,32
nci,125831.0,121637.0,10
ttec,125830.0,130891.5,10
shell,125743.25,127057.0,28
cornerstone ondemand,125739.0,133005.0,13
lattice semiconductor,125737.625,124996.0,16
commvault,125685.63636363637,132696.0,11
amgen,125685.41121495327,125684.0,107
model n,125669.71428571429,132182.5,14
unitedhealthcare,125643.81818181818,133093.0,11
the coca-cola company,125642.5,119813.0,14
match group,125542.90909090909,120592.0,11
irobot,125537.17391304347,128023.0,23
gannett,125530.5,120128.5,10
dell,125444.5,124170.0,18
motorola solutions,125422.56989247311,125090.0,93
gsk,125354.30508474576,125745.0,59
"williams-sonoma, inc",125248.1875,121927.5,16
ge healthcare,125187.33613445378,126466.0,119
disney streaming services,125183.0,127333.0,36
pwc,125174.17857142857,124485.0,28
samsara,125142.0,118239.0,33
ibm,125014.05205479452,123767.0,365
alcatel-lucent,125005.58620689655,123463.0,29
globallogic,124980.8,127704.5,30
csc,124968.29629629629,121868.0,27
thomson reuters,124967.53846153847,130657.0,39
express scripts,124962.28,126706.0,25
national instruments,124943.94444444444,120856.5,18
duck creek technologies,124930.42857142857,128731.5,14
vivid seats,124923.0,126438.5,10
ing,124921.0,129795.0,12
first american financial corporation,124888.0,126636.0,13
texas instruments,124822.75238095238,124908.0,105
general dynamics,124820.30555555556,126382.0,72
first citizens bank,124813.6,121541.5,10
new york times,124809.97368421052,130010.0,38
staples,124763.33333333333,121696.0,27
bounteous,124734.54545454546,128856.0,11
amtrak,124729.33333333333,130112.0,18
csx,124722.95652173914,129413.0,23
ge power,124642.85714285714,131536.5,14
credit suisse,124633.6,127517.5,10
sofi,124621.90697674418,129780.0,43
sandia national laboratories,124583.44736842105,122466.0,38
metlife,124557.68055555556,126525.0,72
globalfoundries,124511.20454545454,126039.5,44
cognizant softvision,124508.72727272728,117668.0,11
the trade desk,124424.9,130799.0,10
major league baseball (mlb),124384.13636363637,126555.5,22
bank of,124362.66666666667,122746.0,15
dassault systemes,124339.09090909091,120311.0,55
edifecs,124336.75,123838.0,12
capital one,124321.79069767441,126890.5,172
insight,124311.32,126406.0,25
manhattan associates,124306.8,125063.0,25
fox corporation,124256.27272727272,116242.0,11
jpmorgan chase & co,124211.73202614379,121965.0,153
raytheon missiles & defense,124178.96296296296,120834.0,27
lexmark international,124171.94117647059,118514.0,17
bayer,124160.58139534884,129392.0,43
siemens healthineers,124148.75,117852.0,68
j.p,124085.16,123441.0,25
rapid7,124072.68421052632,129795.0,19
vacasa,124042.33333333333,128267.5,18
applied research associates,123974.23809523809,120007.0,21
stash,123919.83333333333,123075.0,12
toptal,123866.36363636363,129472.5,22
h&r block,123788.44444444444,127469.0,18
hudl,123783.07692307692,113588.0,13
infor,123772.24324324324,128058.0,37
chubb,123740.75,114531.0,12
aci worldwide,123734.57692307692,126047.5,26
igt,123710.11956521739,119769.0,92
change healthcare,123682.25,119194.0,16
johnson & johnson,123657.73076923077,120906.0,104
at&t,123633.34024896266,124887.0,241
klaviyo,123534.84615384616,133449.0,13
massmutual,123500.9375,124260.0,32
chicago trading company,123461.4,125059.0,10
nbcuniversal,123444.7299270073,124162.0,137
gap,123438.56818181818,127092.5,44
united airlines,123430.525,125408.0,40
medtronic,123416.27272727272,117507.0,121
citizens,123408.43589743589,123879.0,39
ss&c advent,123393.72222222222,119080.5,18
connectwise,123346.3,121489.5,10
santander,123318.3,127332.0,20
slalom,123304.80645161291,123569.0,62
trimble,123300.0655737705,122008.0,61
cepheid,123265.93333333333,119038.0,15
chime,123198.54545454546,126983.5,22
gartner,123183.875,123398.0,16
paramount,123164.31884057971,126091.0,69
safeway,123159.2,126672.0,15
enova,123071.68181818182,122840.5,22
general assembly,123062.0,119734.0,11
bj's wholesale club,122973.07692307692,117776.0,13
under armour,122938.35714285714,124419.5,14
northwestern mutual,122906.80701754386,123158.0,57
avnet,122830.82142857143,123969.5,28
gilead sciences,122810.93220338984,120337.0,59
unisys,122717.28205128205,114381.0,39
exxonmobil,122714.26890756302,118841.0,119
cheniere energy,122669.7,123253.5,10
aptiv,122668.75714285714,121969.0,70
air liquide,122634.1,116147.0,10
the,122587.63636363637,126672.0,11
stmicroelectronics,122555.81818181818,111531.0,22
microstrategy,122532.0,124256.0,41
qualys,122475.30555555556,124509.0,36
c2fo,122454.2,125609.5,10
ubs,122417.18181818182,122282.0,22
asurion,122362.31034482758,124014.0,29
abc,122350.72727272728,126520.0,22
airbus,122322.41666666667,126298.5,12
nike,122310.38235294117,125854.0,68
varian medical systems,122297.35294117648,109877.0,17
canopy,122294.5,127811.5,10
automattic,122260.63636363637,131125.0,11
volkswagen group of america,122112.25,119751.0,12
mass general brigham,122105.23076923077,120025.0,13
danaher,122101.61904761905,119649.0,21
bmc software,122095.85714285714,123949.0,49
ey,122049.73469387754,122160.0,49
barnes & noble,122042.9,121366.5,10
vizio,122019.36363636363,125266.5,22
rivian,122010.75806451614,116758.0,62
blue origin,122007.51515151515,117781.0,33
carnegie mellon university,121925.68421052632,118424.0,19
envestnet,121921.73913043478,126157.0,23
philips,121911.0,124175.0,48
verizon,121844.73913043478,117044.0,253
carfax,121837.78947368421,116989.0,19
cognex,121833.33333333333,118413.0,21
appfolio,121770.9268292683,121850.0,41
applied materials,121767.93243243243,118253.5,74
pearson,121738.5352112676,122432.0,71
avanade,121674.96551724138,118877.0,29
evernorth,121650.5,127353.5,14
amdocs,121575.63636363637,126928.0,33
apollo education group,121500.55555555556,116206.5,18
forescout technologies,121482.0,123606.0,12
wolters kluwer,121432.85714285714,118947.0,21
fanduel,121379.24324324324,121980.0,37
costco wholesale,121369.69230769231,119324.0,39
altair engineering,121341.38461538461,121014.0,26
liberty mutual insurance,121322.97894736842,117520.0,95
datto,121317.89655172414,126031.0,58
saic,121272.05882352941,118936.5,68
allstate,121247.39240506329,118028.0,79
frontier,121187.88888888889,127724.0,18
bell,121146.4705882353,120709.0,17
toyota north america,121110.46808510639,119384.0,47
onsemi,121081.58536585367,120264.0,41
united technologies,121061.66666666667,117571.0,21
yext,121041.61538461539,103406.0,13
blue cross and blue shield of north carolina,121011.18181818182,114537.0,22
natera,121010.375,117301.5,16
zoom video communications,120991.41666666667,123195.0,36
blackbaud,120958.45,119937.5,20
adt,120957.6,109628.0,10
viavi solutions,120897.375,120817.5,16
american eagle outfitters,120885.95652173914,121213.0,23
worldquant,120808.125,121643.5,16
corelogic,120793.29629629629,123940.0,27
leonardo drs,120771.83333333333,117654.0,12
usaa,120743.38983050847,122368.0,118
national grid,120725.09090909091,120169.0,11
vanguard,120698.95652173914,118475.0,46
relativity,120694.0,116971.0,22
alcon,120691.16666666667,119733.5,18
progressive leasing,120668.75,124922.5,12
forcepoint,120614.98113207547,122751.0,53
lexisnexis legal & professional,120580.19444444444,122559.0,36
starbucks,120559.05405405405,117941.5,74
wellcare,120550.9,120648.5,20
pratt & whitney,120547.80952380953,115532.0,21
rei,120528.5,124026.0,36
american express,120517.18518518518,119198.5,108
lexisnexis risk solutions,120499.0,121920.0,49
agco,120492.90909090909,113374.0,11
hexagon,120451.375,114012.0,16
wynn resorts,120432.6,125172.0,10
rovisys,120427.91666666667,120526.0,12
asml,120407.31428571428,123162.0,35
truist,120339.06976744186,119884.0,43
sunpower,120319.39285714286,119427.5,28
robinhood,120270.8125,125667.5,32
general dynamics mission systems,120258.6603773585,114747.0,53
teradata,120248.41935483871,117109.0,31
the cigna group,120223.86046511628,121089.0,172
nasdaq,120059.11111111111,122345.5,18
honeywell,120052.36936936936,118202.0,333
maxlinear,120016.0,122970.0,19
verint,120001.04545454546,119708.0,22
vertafore,119983.05,119092.5,20
twentieth century studios,119949.4,122339.5,10
pluralsight,119893.94117647059,125224.0,17
mitchell martin,119880.35714285714,116878.0,14
lockheed martin,119859.12083333333,116580.0,240
lytx,119833.53846153847,116933.0,13
venmo,119831.54545454546,134794.0,11
blue shield of california,119804.0,120653.0,12
gopuff,119803.66666666667,117620.5,18
oclc,119789.15789473684,121102.0,19
aig,119756.3870967742,118877.5,62
biogen,119737.05357142857,114203.5,56
rocket companies,119726.6320754717,119062.5,106
stellantis,119712.09090909091,116767.0,11
stryker,119603.93636363637,115546.5,110
comcast,119572.94685990339,114182.0,207
amerisourcebergen,119560.66666666667,115360.0,18
morningstar,119529.3,118474.0,30
cdw,119491.43076923076,123731.0,65
delta air lines,119487.75757575757,121507.0,33
bae systems usa,119482.98529411765,111487.0,68
socalgas,119480.57894736843,121158.0,19
fanatics,119427.91666666667,116052.0,24
knowles corporation,119422.2,117204.5,20
merck,119420.77528089887,112282.0,89
guild education,119414.41666666667,119464.5,12
northrop grumman,119397.4808259587,116766.0,339
upmc,119395.125,123262.0,16
galaxe.solutions,119356.4,121075.0,10
prudential,119322.44262295082,123064.0,61
utc aerospace systems,119273.63157894737,123507.0,19
experian,119264.8,112983.0,35
astrazeneca,119215.88235294117,119684.0,17
kinder morgan,119176.57894736843,124102.0,19
lawrence livermore national laboratory,119160.66666666667,120986.5,30
zoetis,119146.88235294117,112345.0,17
cardinal health,119124.46086956521,120537.0,115
peraton,119103.53846153847,113555.0,13
omnicom media group,119072.54545454546,117776.0,11
discover,119070.08275862069,118639.0,145
dod,119060.72222222222,119996.0,18
equifax,119036.78378378379,113250.0,37
lumentum operations,119030.45,114767.5,20
sunrun,119020.16666666667,118783.0,18
opentext,119008.92307692308,117518.0,26
fannie mae,118951.20588235294,116641.0,68
lumen,118939.77707006369,113148.0,157
perficient,118921.65217391304,119695.0,23
raytheon technologies,118919.28832951945,115671.0,437
daugherty business solutions,118829.4,111801.0,15
homesite group incorporated,118795.03846153847,119040.0,26
echostar,118787.44444444444,118620.0,27
humana,118767.7,116919.5,90
pacific northwest national laboratory,118712.33333333333,115894.0,39
wells fargo,118706.140625,115324.0,192
worley,118663.72727272728,116775.0,11
costar group,118621.05263157895,121390.0,38
semtech,118611.33333333333,113026.0,12
axcelis technologies,118442.2,114091.0,10
warner bros,118436.16504854368,124510.0,103
ncino,118431.24390243902,105699.0,41
assurant,118421.125,121423.5,16
mks instruments,118285.90909090909,116577.0,22
solera,118235.06666666667,111067.0,15
blackrock,118213.77049180328,116293.0,61
yum! brands,118196.45454545454,116019.0,11
cvs health,118188.91156462584,117791.0,147
heartland,118183.72727272728,110340.0,11
westinghouse,118176.30769230769,122235.0,13
ecs,118133.95238095238,111293.0,21
volkswagen group,118100.18181818182,117305.0,11
abb,118098.03571428571,113054.0,28
smith & nephew,118097.75,116720.0,16
microchip technology,118093.54081632652,117227.5,98
boeing,117982.03307888041,111702.0,393
transunion,117968.4,117475.5,10
tiaa,117946.68493150685,117350.0,73
upwork,117923.15384615384,115229.0,26
us department of defense,117862.38666666667,113184.0,75
dexcom,117843.52631578948,118001.5,38
occidental petroleum,117837.31428571428,119057.0,35
exelixis,117776.45454545454,109239.0,11
solarwinds,117751.46153846153,126773.0,13
veterans united home loans,117715.84615384616,107055.0,13
thales,117701.90909090909,117316.5,22
lawrence berkeley lab,117664.25,122669.0,20
dematic,117661.3,114050.0,20
macom,117637.45833333333,118149.0,24
iqvia,117628.74603174604,111712.0,63
marsh,117626.375,108053.0,16
orion innovation,117606.5,116507.0,12
aetna,117584.97692307692,118715.0,130
safran,117580.0,119780.0,11
covermymeds,117546.44444444444,120403.0,27
s&p global,117538.5,115336.0,70
commscope,117453.79069767441,110478.0,43
eli lilly and company,117445.0625,114168.5,48
globant,117443.92307692308,113046.0,13
publicis sapient,117427.15384615384,113141.0,39
freddie mac,117424.04494382022,111711.0,89
garmin,117391.87931034483,116384.5,58
omnicell,117377.54545454546,125496.0,33
cambia health solutions,117360.2,115310.5,30
q2 software,117349.72727272728,118516.5,44
cirrus logic,117342.40677966102,117143.0,59
u.s,117330.63366336633,118509.0,101
mitchell international,117317.47727272728,118868.5,44
moody's corporation,117280.63636363637,119707.0,11
oak ridge national laboratory,117269.0,117735.0,13
skyworks solutions,117251.94444444444,116539.5,36
realpage,117218.76190476191,110375.0,21
clevertech,117214.45,115987.5,20
hopper,117156.86666666667,115408.0,15
bank,117148.5,120805.0,10
red ventures,117143.4,109186.0,15
nasa jet propulsion laboratory,117139.38636363637,116324.0,44
starkey,117117.56,111998.0,25
h e b,117102.54666666666,121491.0,75
alcoa,117090.5294117647,116544.0,17
bamboohr,117086.94117647059,122816.0,17
captech,117076.4705882353,116025.0,17
elavon,117065.1,117993.0,10
enterprise,117021.6875,115292.0,16
halliburton,117000.17857142857,111608.0,56
teradyne,116973.55172413793,107855.0,29
aristocrat technologies,116947.16,112563.0,25
the hartford,116906.32653061225,115122.0,49
kroger,116890.87142857142,116949.0,70
micron technology,116865.48091603053,112483.0,131
cotiviti,116752.6,119784.0,10
carrier,116729.57894736843,115154.0,19
xerox,116723.28787878787,121717.5,66
capital group,116693.4705882353,121109.0,17
unitedhealth group,116660.99099099099,112159.0,111
brooks automation,116620.25,111974.5,12
harman,116616.21739130435,110731.0,23
state farm,116608.02816901408,116551.0,71
sedgwick,116600.30769230769,121956.0,13
angi,116596.32,111671.0,25
avidxchange,116545.90909090909,111092.0,33
agilent technologies,116541.29629629629,116560.0,27
conocophillips,116517.33333333333,118621.5,36
sierra nevada corporation,116513.69565217392,114998.0,23
zf group,116446.0,113205.0,15
empower,116435.5294117647,113570.0,17
grainger,116411.75862068965,113805.0,29
aes corporation,116404.21739130435,112752.0,23
target,116386.0808080808,122869.0,99
cybercoders,116377.16666666667,117451.5,12
university of southern california,116342.25,104053.5,12
nisum,116184.4375,114797.5,16
pepsico,116165.206185567,108773.0,97
analog devices,116157.203125,112058.0,64
american family insurance,116119.7,112409.5,30
siemens,116118.60583941606,110039.0,137
broadridge,116117.6,116415.0,35
avalara,116063.7,113167.0,20
ge aerospace,116024.40384615384,111074.0,104
bosch,116018.35897435897,113237.0,39
"ags, llc",115997.0,112290.0,10
aveva,115969.73684210527,113587.0,19
nasa,115928.13793103448,119210.0,29
magna international,115898.25,108571.0,12
baxter,115867.2,112116.0,40
university of phoenix,115794.1,113581.0,10
herbalife,115720.0,114548.5,10
finra,115702.32,115937.0,25
adp,115682.54477611941,112858.5,134
teksystems,115648.49152542373,113737.0,59
bnsf railway,115616.35714285714,121105.5,14
wm,115604.29166666667,111894.0,24
sempra,115590.0,115027.0,19
us air force,115566.11111111111,109796.0,45
icims,115556.5925925926,114852.0,27
carvana,115492.31914893616,119835.0,47
cognizant,115490.66666666667,111255.0,12
mcdonald's,115426.5294117647,122378.0,17
ameriprise,115408.22448979592,116598.0,49
the home depot,115404.04545454546,114147.0,132
jll,115372.96296296296,112590.0,27
accenture,115316.53896103895,111780.5,308
abbott,115288.94685990339,112186.0,207
ihs markit,115279.22,107548.5,50
copart,115221.81818181818,126592.0,11
digi-key electronics,115182.66666666667,113205.5,12
sitime,115149.45454545454,113519.0,11
fm global,115099.8,111497.0,10
exelon,115097.0,111613.0,51
hyatt,115085.0,118675.5,12
florida power & light,114990.71428571429,106250.0,21
parsons corporation,114913.80952380953,111823.0,42
bank of america,114861.81545064377,111381.0,233
3m,114848.17307692308,110707.0,52
bungie,114847.3,109893.0,10
icu medical,114828.5,109601.0,12
geico,114823.70689655172,113914.5,58
borgwarner,114809.70588235294,110691.0,17
whole foods market,114784.9,119863.5,20
marathon petroleum,114745.63157894737,109672.0,19
baker hughes,114740.30158730158,113515.0,63
keysight technologies,114721.2258064516,112914.0,31
general dynamics land systems,114703.0,116214.5,10
disys,114691.53333333334,121614.0,15
booz allen hamilton,114677.275,112620.0,80
asrc federal holding company,114675.21052631579,114193.0,38
swagelok,114639.91666666667,108606.0,12
general,114601.21052631579,114747.0,19
kin + carta,114594.84615384616,118658.5,26
blue cross blue†.,114574.04,117412.0,25
amway,114567.38461538461,119459.0,13
gemini consulting,114536.6,107859.5,10
saber software,114486.8125,110472.0,16
moog inc,114470.21428571429,115137.5,14
tsys|total system services,114424.3125,116439.0,32
bny mellon,114404.46078431372,111050.0,102
caterpillar,114401.77844311377,111191.0,167
vizient,114383.85714285714,109818.0,42
hca healthcare,114350.625,110575.0,88
cbts,114303.16666666667,111606.5,12
kpmg,114261.37894736842,114203.0,95
paychex,114237.54,112365.0,50
epsilon,114188.20689655172,111065.0,29
myriad genetics,114145.84615384616,114743.5,26
bottomline technologies,114143.32,111260.0,25
chase,114124.05882352941,115053.0,17
acxiom,114113.05714285714,111722.0,35
pseg,114100.35294117648,113578.5,34
included health,114079.18181818182,116832.0,11
ukg,114074.61788617886,111048.0,123
denso,114022.53846153847,109902.5,26
fis group,114010.0,109612.0,11
csg,113985.37142857142,111730.0,35
dow,113917.67857142857,108089.0,28
new york life,113917.1,114657.0,20
perkinelmer,113835.92857142857,106444.0,14
ncr,113834.51578947369,117137.0,95
bristol myers squibb,113821.27272727272,110134.5,44
national security agency,113805.66666666667,115455.0,15
paycom,113748.9375,111767.5,32
pros,113747.52173913043,117486.0,23
confidential,113670.25,114338.5,12
argonne national laboratory,113624.6,110810.0,15
dish,113612.29885057472,111495.0,87
epic,113611.0303030303,108788.0,66
infinite computer solutions,113605.16666666667,112638.5,30
royal caribbean group,113576.72413793103,113116.0,29
j.b,113518.84210526316,115492.0,19
deloitte,113492.26431718061,109591.0,227
aon,113489.91304347826,113149.0,23
esri,113449.08823529411,111723.5,34
best buy,113405.32203389831,111667.0,59
bank of the west,113357.17647058824,122128.0,17
capgemini engineering,113323.63157894737,109312.0,19
phillips 66,113322.11111111111,114854.5,18
eaton,113295.01851851853,108947.5,54
lti,113279.27777777778,116294.5,18
wex,113240.375,117505.5,24
united states federal government,113192.31746031746,111711.0,63
quest diagnostics,113110.66666666667,118151.5,30
alarm.com,113093.13636363637,121303.0,22
molex,113080.35294117648,107750.0,17
travelers,113043.2972972973,108977.0,37
infinite campus,113022.6875,112859.5,16
teladoc health,113018.21428571429,112671.0,14
randstad us,112987.15789473684,110265.0,19
actalent,112976.5,114261.0,16
guardian life,112969.21212121213,112121.0,33
swift,112968.29166666667,111740.5,24
healthpartners,112913.36363636363,107587.0,11
incomm,112880.95,109785.5,20
lowe's home improvement,112873.75,110993.0,100
ciena,112812.76744186046,110180.0,43
hsbc,112777.8125,108896.5,16
allegro microsystems,112728.5,110892.5,14
cerner,112664.80714285714,108338.0,140
ntt data,112662.28571428571,110417.0,112
alstom,112610.5625,110852.5,16
whirlpool corporation,112599.4696969697,106618.0,66
abbvie,112587.02666666667,109002.0,75
leidos,112516.80291970803,110335.0,137
capgemini,112497.27777777778,110303.0,54
bbva,112453.2,105351.0,10
scientific games,112439.81818181818,112447.0,33
fifth third,112422.60714285714,114022.5,56
itron,112419.77272727272,104836.0,22
lendingtree,112418.15625,113067.0,32
cdk global,112367.93333333333,115131.0,30
steris,112348.6875,113509.0,16
ppg,112289.64705882352,99247.0,17
hcl america,112235.46153846153,114993.0,13
epic games,112180.03703703704,109885.0,27
fiserv,112172.17391304347,112926.0,69
paycor,112113.69230769231,111096.0,13
wellsky,112106.9,114134.0,30
fresenius medical care - north america,112064.06666666667,109455.0,15
live nation entertainment,112053.63636363637,117474.0,22
american airlines,112003.01470588235,109601.0,68
medline industries,111974.5,99626.5,10
flex,111959.64285714286,98870.0,14
national general insurance,111940.35714285714,112943.0,14
nexient,111868.55,113781.0,20
united launch alliance,111860.07692307692,110385.0,13
merkle,111849.70967741935,107869.0,62
allscripts,111848.94736842105,104686.5,38
morgan stanley,111844.3,108588.0,100
atrium health,111821.0,113219.5,10
air products,111765.36842105263,111966.0,19
bechtel,111753.79166666667,111410.5,24
maximus,111742.60869565218,111889.0,23
m&t bank,111738.05263157895,110332.0,19
american electric power,111730.21428571429,107900.0,56
textron systems,111699.29032258065,107578.0,31
fujitsu,111695.91666666667,118689.5,24
columbia university,111695.1,108162.5,10
harvard university,111671.58823529411,112004.0,17
depuy synthes,111661.54545454546,108424.0,11
jamf,111619.56521739131,113494.0,23
general motors (gm),111592.4705882353,109684.0,255
virtusa,111580.65,112732.0,40
pnc financial services group,111462.86875,108603.0,160
qorvo,111395.14285714286,103540.0,21
nationwide,111331.80952380953,110380.0,126
southern california edison,111290.03571428571,105650.0,28
novo nordisk,111254.90909090909,110151.0,11
battelle,111225.16666666667,103424.0,12
john deere,111215.10144927536,106970.0,69
cricut,111182.2,109103.0,10
viasat,111143.25882352941,106677.0,85
los alamos national laboratory,111143.2,107941.0,10
ford motor company,111133.7868852459,106341.5,122
citi,111125.28859060403,108092.0,149
spectrum,111107.00729927007,105972.0,137
trane technologies,111081.69565217392,106115.0,23
lutron,110998.14285714286,106229.0,14
blue cross and blue shield association,110969.13636363637,107373.5,22
eog,110932.07142857143,111372.5,14
fedex,110907.15384615384,105760.0,91
cengage group,110884.38461538461,110997.0,13
providence,110852.1,115192.5,10
everi,110833.55,112044.5,20
mindtree,110819.24,111732.0,25
puget sound energy,110747.6,110438.0,10
yardi systems,110697.91666666667,109240.0,12
paylocity,110676.20833333333,107980.5,24
meritor,110666.0,104021.0,11
prime therapeutics,110617.58333333333,116028.0,24
bentley systems,110525.27586206897,103998.0,29
voya financial,110505.60714285714,110008.0,28
valtech,110456.66666666667,109052.5,12
sears,110442.0487804878,111719.0,41
pfizer,110428.16,106613.0,100
rockstar games,110383.9375,108755.0,16
priceline.com,110378.54166666667,103045.0,24
enphase energy,110351.93333333333,110237.0,15
edward jones,110341.41666666667,107151.5,12
navistar,110310.8,105899.5,30
cgi,110310.23076923077,109638.0,39
polaris,110277.4,109887.5,10
kbr,110277.32142857143,108479.0,84
continental,110251.66101694915,108618.0,59
cargill,110219.60869565218,110778.0,23
zimmer biomet,110214.84615384616,98383.0,13
iheartmedia,110162.69230769231,107720.0,13
nov,110086.84615384616,104888.0,26
cox communications,110042.17391304347,108280.0,46
mayo clinic,110007.8,107460.0,15
l3harris,109997.22972972973,110082.0,148
investcloud,109954.88235294117,106177.0,17
mantech,109927.16949152542,111054.0,59
hexaware technologies,109918.08333333333,110908.5,12
valero energy,109869.53846153847,109259.0,13
stanley black & decker,109860.41935483871,103695.0,31
cbre,109851.69444444444,106389.0,72
davita,109817.94117647059,104301.0,34
molina healthcare,109752.27272727272,114704.0,11
entergy,109737.0,109756.0,43
enterprise holdings,109704.18518518518,104271.0,27
xpo,109694.44444444444,107749.0,45
agilysys,109678.76923076923,111993.0,26
podium,109672.625,119685.0,16
consumers energy,109653.4705882353,108750.0,17
progressive insurance,109648.51948051948,105941.0,77
fca fiat chrysler automobiles,109608.0,103279.0,26
ul solutions,109556.69565217392,108611.0,23
littelfuse,109552.75,99107.0,12
lpl financial,109534.95652173914,102668.0,23
farmers insurance group,109522.59574468085,109678.0,47
aflac,109519.66666666667,100629.0,15
northern trust,109478.56818181818,106757.5,44
office depot,109465.32258064517,116369.0,31
wipro,109433.26373626373,105118.0,91
cnh industrial,109409.84615384616,106698.0,13
tata consultancy services (north america),109394.4827586207,109459.0,29
rei systems,109378.90476190476,105553.0,21
con edison,109362.37037037036,106752.0,27
hcl,109353.58333333333,109664.5,24
ups,109295.46551724138,103417.0,58
johnson controls,109276.45918367348,107361.5,98
wtw,109151.50724637682,109816.0,69
electrolux,109144.75,105881.5,12
maxar technologies,109129.28571428571,106651.0,42
worthington industries,109092.1,106580.0,10
wolfspeed,108956.5625,104804.0,32
college board,108943.375,110667.0,24
devon energy,108925.5625,109719.0,16
kellogg company,108913.83333333333,106459.0,18
atos-syntel,108893.26086956522,106013.0,23
securian financial,108844.6875,103865.0,16
nutrien,108780.54545454546,110808.0,11
duke energy,108731.86315789474,106251.0,95
dxc technology,108720.9512195122,109430.0,41
wabtec,108720.234375,104911.0,64
autozone,108693.58620689655,114279.0,29
florida blue,108649.65789473684,104208.0,38
valeo,108639.54545454546,109963.0,11
jackson,108633.51612903226,108893.0,31
sysco,108628.72727272728,100948.5,22
southwest airlines,108627.78378378379,100681.0,37
milliporesigma,108613.68571428572,107624.0,35
arup,108611.5,107608.0,10
paccar,108608.69387755102,103580.0,49
ceridian,108554.29411764706,105817.0,17
t,108530.95652173914,103336.0,23
perspecta,108508.42105263157,108749.0,19
flatiron school,108498.0,111851.0,12
general atomics,108496.50666666667,106697.0,75
collabera,108482.08333333333,99875.5,12
qad,108471.05882352941,105034.0,17
bd,108372.41025641025,102586.0,39
global payments,108370.16216216216,112374.0,37
ebix,108356.72727272728,109911.0,11
verisk,108294.05555555556,105826.5,36
conduent,108254.0,106000.0,19
ball aerospace,108185.73076923077,104156.0,26
apexon,108150.0,105795.5,14
raymond james financial,108127.87037037036,106003.0,54
cummins,108127.4797979798,105161.0,198
l&t technology services,108077.125,107563.5,32
faa,108052.5625,109914.0,16
huntington national bank,108051.0,111578.0,19
schneider electric,108017.28846153847,106125.0,52
mckesson,107990.79166666667,106428.5,96
centerpoint energy,107990.66666666667,111653.0,12
blue cross blue shield of arizona,107989.84615384616,104035.0,13
centene,107953.1582733813,110482.0,139
rockwell automation,107939.08823529411,106211.5,68
84.51?,107889.0,108220.0,20
university of california berkeley,107882.03225806452,109719.0,31
adm,107803.5294117647,106156.0,17
unum,107774.13636363637,108865.5,44
georgia-pacific,107701.24,100901.0,25
united wholesale mortgage (uwm),107647.51219512195,106949.0,41
infosys,107635.50666666667,105265.5,150
kforce,107621.46031746031,108843.0,63
ally financial,107577.47727272728,106933.0,88
vanderbilt university,107509.1,109207.0,10
regeneron,107497.47368421052,107470.0,19
americaneagle.com,107492.06666666667,108489.0,15
goodyear,107442.81818181818,106952.0,11
dte energy,107428.0,103799.0,32
pacific life,107325.37037037036,104767.0,27
tech mahindra,107280.89583333333,105220.5,48
regions financial,107276.36,106984.0,25
general mills,107227.80645161291,104377.5,62
idexx laboratories,107215.74626865672,108224.0,67
labcorp,107157.48387096774,110708.0,31
uc san francisco,107141.61538461539,115209.0,13
c.h,107095.95454545454,109094.5,22
the ohio state university,107092.08333333333,105975.5,12
thrivent,107058.42857142857,103725.0,14
caci,107025.54545454546,105290.0,11
rolls-royce,106973.53333333334,101358.0,15
clearwater analytics,106912.87878787878,104487.0,33
mit,106893.1,110010.0,10
fox news,106875.0,105418.0,12
icf,106874.52,105136.0,25
mphasis,106857.45901639345,105376.0,61
carefirst bluecross blueshield,106852.0,105693.0,38
honda,106823.28571428571,113591.0,14
greensky,106814.22222222222,113809.5,18
us navy,106805.06451612903,106562.0,62
nelnet,106748.72413793103,107528.0,29
cuna mutual,106690.5,108384.5,10
ifit,106672.1,108226.5,10
varonis systems,106616.83333333333,106399.5,12
amtrust financial,106555.9,110135.0,10
uc davis,106449.1,107069.0,10
antra,106444.64705882352,109341.0,17
carnival,106365.46666666666,98698.0,15
hcltech,106295.45535714286,106099.0,112
mit lincoln laboratory,106291.7,103439.0,10
stanford university,106282.64705882352,105290.0,34
gainwell technologies,106238.0,107545.0,11
panasonic avionics corporation,106140.53125,100969.5,32
nexteer automotive,106118.3,103353.0,10
ust,106072.08641975309,107312.0,81
robert half,106050.33333333333,102340.5,12
us department of veterans affairs,105996.91666666667,103928.5,24
adtran,105993.625,104927.5,16
university of chicago,105917.45,103869.5,20
hii,105886.0,107446.0,14
caci international,105885.0406504065,104887.0,123
general dynamics electric boat,105853.35,102315.0,20
mgm resorts international,105838.64705882352,104972.0,17
synchrony,105793.5,107193.0,20
tetra tech,105756.2,106662.5,10
choice hotels,105731.16666666667,99035.5,12
meridian cooperative,105729.41666666667,100374.5,12
sensata technologies,105708.4,103851.0,10
miso,105688.0,101245.0,17
jabil,105621.16417910448,100284.0,67
spectrum health,105616.64285714286,102140.5,14
conagra brands,105615.55555555556,104156.5,18
cognizant technology solutions,105576.0925925926,103419.5,162
arrow electronics,105571.78787878787,101067.0,33
veolia,105571.09090909091,108356.0,11
thermo fisher scientific,105501.78095238096,101157.0,105
panasonic,105491.31578947368,101658.5,38
insight global,105482.68421052632,104948.5,38
dun & bradstreet,105416.94117647059,100360.0,51
sps commerce,105360.92857142857,97961.5,14
highmark health,105349.88571428572,102482.0,35
textron aviation,105348.6,106315.0,15
state street,105315.05882352941,104610.5,34
general dynamics information technology,105201.10256410256,104176.0,117
netsmart,105147.40909090909,105839.5,44
biofire diagnostics,105119.81818181818,107334.0,11
suntrust,105045.8275862069,111387.0,29
infinite,105028.0,105295.0,10
marsh mclennan,104995.12121212122,105635.0,33
trustage,104909.44444444444,105749.5,18
the world bank,104840.46153846153,104007.0,13
navy federal credit union,104748.66666666667,100850.0,21
revature,104734.1836734694,104049.0,49
gm financial,104727.15789473684,110504.5,38
self opportunity,104670.0,104482.0,11
indiana university,104641.45454545454,105694.0,11
the washington post,104549.4,104286.0,25
dominion energy,104509.5,104000.5,30
chevron phillips chemical,104505.21428571429,100405.0,14
ucla,104491.07142857143,108731.0,14
ecolab,104487.1875,99835.5,48
daimler truck north america,104468.3,101579.5,10
dupont,104448.01369863014,98914.0,73
caesars entertainment,104342.28571428571,104262.0,14
lear corporation,104330.69230769231,98871.5,26
reliaquest,104302.64285714286,106502.0,14
henkel,104269.3,103081.5,10
fis,104164.78666666667,104630.0,75
emerson,104149.31578947368,100097.5,114
gulfstream,104116.5,101116.5,10
university of iowa,104109.8,96368.5,10
us army,104099.92,102499.0,50
synechron,104093.93333333333,107083.0,15
nrg energy,104091.55882352941,101496.5,34
corning,103991.06410256411,100669.0,78
fdm group,103901.76666666666,105419.0,30
textron,103852.0,101546.5,20
eversana intouch,103829.9,103927.0,10
sanmina,103799.375,106680.0,16
university of texas at austin,103667.87096774194,97333.0,31
milwaukee tool,103636.21428571429,97304.0,42
avant,103574.13333333333,99280.0,15
alkami technology,103459.9375,99203.5,16
mindex technologies,103423.1052631579,103391.0,19
blue cross blue shield of†.,103280.77777777778,101585.5,18
freelancer,103172.9512195122,104017.0,41
kpit technologies,103169.76470588235,103099.0,17
synnex,103151.0,90696.0,10
teledyne technologies,102940.0625,98304.0,16
basf,102867.54545454546,109708.0,11
marriott international,102809.78947368421,98976.0,38
veeco instruments,102649.66666666667,90979.0,12
tech data,102564.5,97064.5,24
cyient,102548.0,105176.5,10
publix,102238.8125,94648.0,32
mars,102166.04,95070.0,25
availity,102021.3,106426.0,30
centurylink,102013.46153846153,98072.0,13
applied medical,101997.07692307692,95991.0,13
lincoln financial group,101981.38888888889,103873.0,18
university of pennsylvania,101912.15384615384,99520.0,13
experis,101899.69230769231,103646.0,13
td,101765.03703703704,94775.0,27
entegris,101723.5625,100802.5,16
system soft technologies,101706.15625,98104.0,32
fluor,101597.90384615384,99206.5,52
fleetcor,101539.0,108562.0,11
ipg photonics,101454.3,101029.0,10
northeastern university,101407.6,106995.5,10
blue cross blue shield of michigan,101385.0294117647,103075.0,34
newell brands,101228.41176470589,96209.5,34
university of virginia,101193.07142857143,104125.5,14
amphenol,101188.25,97445.0,12
norfolk southern,101134.81818181818,97704.0,22
university of michigan,101081.61538461539,105286.5,26
apex systems,101029.09090909091,100329.5,22
blue cross blue shield of massachusetts,101006.05882352941,96897.0,17
speridian technologies,100933.35294117648,99051.0,17
cleveland clinic,100926.42857142857,104035.5,14
xcel energy,100895.93181818182,96552.5,44
black knight,100868.13333333333,100306.0,30
schaeffler,100819.76470588235,99352.0,17
sherwin-williams,100783.91836734694,104677.0,49
tyler technologies,100753.88,97496.0,50
jacobs,100670.39516129032,100631.0,124
harris computer,100644.4,96592.5,10
westrock,100555.84375,96596.0,32
tata consultancy services,100333.75247524753,99212.5,202
sentry,100302.33333333333,105581.0,15
huntsman corp,100262.7,96590.0,10
aecom,100161.03076923077,98651.0,65
reinsurance group of america,100004.66666666667,103584.0,15
genesis10,99982.75,100122.0,16
georgia tech,99957.66666666667,106059.0,12
sema4,99934.63636363637,104880.0,11
swift solutions,99876.41666666667,100703.5,12
stratasys,99854.9,105175.0,10
dana incorporated,99804.80952380953,94251.0,21
vanderbilt university medical center,99758.5,99721.0,10
first national bank of omaha,99739.84210526316,89654.0,19
principal financial group,99709.26086956522,94758.0,23
university of arizona,99669.33333333333,96680.0,21
universal orlando resort,99619.9,102117.5,10
schweitzer engineering laboratories,99603.12962962964,92268.0,54
keybank,99584.59090909091,98844.0,44
cambia,99582.09090909091,101337.0,11
chs inc,99530.8,92791.0,15
western governors university,99501.91666666667,96057.5,12
infosys system,99468.90909090909,95076.0,11
first solar,99194.68421052632,91848.0,19
syngenta,98970.81818181818,95828.0,11
shure,98769.52380952382,100329.0,21
swift technologies,98732.45454545454,93232.0,11
bluecross blueshield of tennessee,98533.94736842105,100073.0,19
snap-on,98495.61538461539,90859.0,13
autoliv,98462.30769230769,93268.5,26
cmc materials,98354.84615384616,88957.0,13
educational testing service,98322.6,103386.0,25
sparq,98202.20833333333,95302.0,24
ss&c,98152.45,97617.0,60
tyson foods,97922.76923076923,98858.0,13
university of maryland,97835.92307692308,87727.0,13
praxair,97745.0,97065.0,10
plexus,97710.3125,90294.5,16
arizona state university,97650.35,92739.5,20
university of washington,97611.96551724138,90582.0,29
enterprise products,97412.78571428571,95745.0,14
domino's,97329.7741935484,98463.0,31
united states steel,97240.92307692308,94417.0,13
symplicity corporation,97218.5,91704.0,10
hyland,97153.09090909091,98354.5,22
jack henry & associates,96989.375,99452.5,16
knowbe4,96910.76923076923,102699.0,13
texas a&m university,96395.91666666667,99187.5,12
emory university,96329.38888888889,98331.5,18
bb&t,95950.5625,94950.5,16
mondel?z international,95806.92307692308,84350.0,13
nucor,95486.84615384616,94493.0,13
aramark,95454.22222222222,90473.5,18
auto-owners insurance,94956.58620689655,88970.0,29
belcan,94855.58823529411,94544.0,17
snap one,94765.2,90932.5,10
freeport-mcmoran,94690.44444444444,95295.0,27
university of minnesota,94635.38461538461,85338.0,13
hilton,94326.57692307692,88387.5,26
hertz,94264.125,92957.5,16
firstenergy,94140.80952380953,94790.0,21
owens corning,93869.4705882353,90662.0,17
parker hannifin,93309.1551724138,87698.0,58
photronics,93264.72727272728,88452.0,11
bluecross blueshield of south carolina,92629.6,86237.0,20
advance auto parts,92465.23076923077,98692.0,13
northwestern university,92167.09090909091,94302.5,22
penn state,90962.94444444444,92708.5,18
henry schein,90740.36363636363,94899.0,11
university of wisconsin-madison,90051.69230769231,81522.0,13
republic services,89758.35294117648,90135.0,17
arconic,88684.65,89363.0,20
the johns hopkins university,88587.55172413793,83457.0,29
international paper,88577.57142857143,88569.0,14
ttm technologies,85215.23076923077,86649.0,13
university of pittsburgh,83341.84615384616,80843.0,13
reynolds and reynolds,82954.06666666667,80623.0,15
